{
  "featureNames": [
    "urlLength",
    "dotCount",
    "subdomainCount",
    "hasIP",
    "isHTTPS",
    "suspiciousKeywordCount",
    "specialCharCount",
    "hyphenCount",
    "domainLength",
    "redirectCount",
    "digitCount",
    "isShortener"
  ],
  "weights": [
    -3.3087060648064734,
    -9.185373836531186,
    -2.458469715918101,
    2.4664302245566496,
    0.05392654889070377,
    4.134462141536267,
    -0.6486934634967497,
    -1.0967077974162633,
    -1.5751934889488917,
    0.7433969010090458,
    -0.12819678322375358,
    -10.03508538833503,
    0.05405732607110628
  ],
  "means": [
    35.36695434593609,
    2.257142857142857,
    1.1646939078436778,
    0.00257851099471999,
    0.7805339383786764,
    0.03352488390339066,
    0.17145401726075615,
    0.3502491571068089,
    21.468898831612204,
    0.005903433066858924,
    1.8861426238893955,
    0.03547149006552302
  ],
  "stds": [
    41.2142589388822,
    0.922676146549369,
    0.6009184456830118,
    0.05071353148586629,
    0.41388489875517104,
    0.21626229283669277,
    1.8041497869264735,
    1.5217598284593166,
    9.14910767962962,
    0.10728035862092844,
    11.89304496893015,
    0.18496827689625
  ],
  "trainedAt": "2026-03-05T05:18:29.782Z",
  "accuracy": 0.9460717996564812
}