{
  "featureNames": [
    "URLLength",
    "DomainLength",
    "IsDomainIP",
    "URLSimilarityIndex",
    "CharContinuationRate",
    "TLDLegitimateProb",
    "URLCharProb",
    "TLDLength",
    "NoOfSubDomain",
    "HasObfuscation",
    "NoOfObfuscatedChar",
    "ObfuscationRatio",
    "NoOfLettersInURL",
    "LetterRatioInURL",
    "NoOfDegitsInURL",
    "DegitRatioInURL",
    "NoOfEqualsInURL",
    "NoOfQMarkInURL",
    "NoOfAmpersandInURL",
    "NoOfOtherSpecialCharsInURL",
    "SpacialCharRatioInURL",
    "IsHTTPS",
    "LineOfCode",
    "LargestLineLength",
    "HasTitle",
    "DomainTitleMatchScore",
    "URLTitleMatchScore",
    "HasFavicon",
    "Robots",
    "IsResponsive",
    "NoOfURLRedirect",
    "NoOfSelfRedirect",
    "HasDescription",
    "NoOfPopup",
    "NoOfiFrame",
    "HasExternalFormSubmit",
    "HasSocialNet",
    "HasSubmitButton",
    "HasHiddenFields",
    "HasPasswordField",
    "Bank",
    "Pay",
    "Crypto",
    "HasCopyrightInfo",
    "NoOfImage",
    "NoOfCSS",
    "NoOfJS",
    "NoOfSelfRef",
    "NoOfEmptyRef",
    "NoOfExternalRef"
  ],
  "weights": [
    0.6188884790497069,
    -0.18250820721362632,
    0.35659071652993585,
    -0.048129160378013576,
    3.9097772659058307,
    -0.05797228168807225,
    -0.29684860716537287,
    0.49821634069808307,
    -0.19191463044297868,
    1.2132520776954128,
    -0.09247421491879351,
    -0.01568209427626833,
    -0.06367754922574231,
    -0.3506897761358719,
    -1.1461937347203675,
    -0.2596390495909534,
    -0.9192996114859617,
    -0.06582906896119864,
    -0.16789116733606116,
    -0.029809864862924182,
    -0.5994008140165878,
    -1.295680958437928,
    2.9639578933051802,
    0.6287255243138952,
    -0.5052747811075584,
    0.6778912544094381,
    0.41730562187086406,
    0.13160867276652974,
    0.35085979243982457,
    0.23538082629555152,
    0.18640834679744728,
    -0.1509772940321287,
    0.05730817098918317,
    0.8982593767265153,
    0.15077892964586373,
    0.2821566773286407,
    0.030661379158004202,
    1.320142679193103,
    0.4067544391066456,
    0.36215631872908205,
    -0.09631778097668492,
    -0.06514915684186949,
    0.3222067197938128,
    -0.101493630852207,
    0.9479902641478519,
    0.6924934858641874,
    0.20860062031742335,
    0.9418939256532349,
    0.8161205921296552,
    0.20205657133844673,
    0.708418556520664
  ],
  "means": [
    34.573113427594805,
    21.470266923383573,
    0.0027057057311766853,
    78.43105238347498,
    0.8455102002748106,
    0.26042600823395573,
    0.05574716809601844,
    2.764459410173114,
    1.1647469444185277,
    0.0020568452658631543,
    0.024860261749463524,
    0.00013842780685162733,
    19.429023995114463,
    0.5159487253881319,
    1.881012561599335,
    0.028616171284412878,
    0.06223971365321165,
    0.02940228500665824,
    0.025055343980864977,
    2.340248857072579,
    0.06331114553296034,
    0.7826232622838192,
    1141.8935317517537,
    12789.662219357246,
    0.8612626061289748,
    50.13078962430407,
    52.12228282253758,
    0.3617672753797742,
    0.26653746002934714,
    0.6245091137329409,
    0.13344472811474228,
    0.04010636222529453,
    0.44018185056701076,
    0.22176184700463955,
    1.5886182240731475,
    0.043986802262953886,
    0.4565729989228068,
    0.41430800939787443,
    0.37780642753543286,
    0.10226125751702729,
    0.12708759192189925,
    0.23700794748047058,
    0.023473481539283626,
    0.48678105836351454,
    26.07536535509207,
    6.333200451233683,
    10.522646502514865,
    65.07102265498435,
    2.3776028634678834,
    49.26196150942756
  ],
  "stds": [
    41.313887052108164,
    9.150789515127846,
    0.05194598047651017,
    28.975911029330423,
    0.21663128408801705,
    0.2516275519434651,
    0.010587005627293344,
    0.5997341615041805,
    0.6009738978595581,
    0.04530579050643447,
    1.8762333344330646,
    0.0038171778826047212,
    29.0901686829325,
    0.12331692725199155,
    11.886598956011678,
    0.0708968545254597,
    0.9346961997891241,
    0.1935037947904603,
    0.8364404474369128,
    3.5276147505647604,
    0.032396830901764526,
    0.4124610182995239,
    3419.92332643635,
    152199.83798597852,
    0.3456722861512337,
    49.676881083455235,
    49.60045582431372,
    0.4805119289306714,
    0.4421484393614741,
    0.484249399171211,
    0.3400547494930602,
    0.19620866936569434,
    0.4964088929488489,
    3.8705072249709604,
    5.762515290344318,
    0.20506575406368271,
    0.49811052546410906,
    0.49260215463019563,
    0.4848388710167768,
    0.30299157204116284,
    0.3330710673428876,
    0.4252471990638945,
    0.15140170806092124,
    0.4998252290378818,
    79.4111928953974,
    74.86569554876174,
    22.31276751306822,
    176.68614621562747,
    17.640949331319845,
    161.02613903723193
  ],
  "trainedAt": "2026-03-05T06:29:19.754Z",
  "accuracy": 0.9997243403251936
}