{
  "featureNames": [
    "URLLength",
    "DomainLength",
    "IsDomainIP",
    "URLSimilarityIndex",
    "CharContinuationRate",
    "TLDLegitimateProb",
    "URLCharProb",
    "TLDLength",
    "NoOfSubDomain",
    "HasObfuscation",
    "NoOfObfuscatedChar",
    "ObfuscationRatio",
    "NoOfLettersInURL",
    "LetterRatioInURL",
    "NoOfDegitsInURL",
    "DegitRatioInURL",
    "NoOfEqualsInURL",
    "NoOfQMarkInURL",
    "NoOfAmpersandInURL",
    "NoOfOtherSpecialCharsInURL",
    "SpacialCharRatioInURL",
    "IsHTTPS",
    "LineOfCode",
    "LargestLineLength",
    "HasTitle",
    "DomainTitleMatchScore",
    "URLTitleMatchScore",
    "HasFavicon",
    "Robots",
    "IsResponsive",
    "NoOfURLRedirect",
    "NoOfSelfRedirect",
    "HasDescription",
    "NoOfPopup",
    "NoOfiFrame",
    "HasExternalFormSubmit",
    "HasSocialNet",
    "HasSubmitButton",
    "HasHiddenFields",
    "HasPasswordField",
    "Bank",
    "Pay",
    "Crypto",
    "HasCopyrightInfo",
    "NoOfImage",
    "NoOfCSS",
    "NoOfJS",
    "NoOfSelfRef",
    "NoOfEmptyRef",
    "NoOfExternalRef"
  ],
  "means": [
    34.57309527343667,
    21.470395894739074,
    0.0027057401556436736,
    78.43077796356424,
    0.8455082347140516,
    0.2604229601541606,
    0.05574724121675591,
    2.7644564134099534,
    1.1647575224241395,
    0.0020568714349328866,
    0.024860578044487797,
    0.00013842956805699874,
    19.428919188277952,
    0.5159455119912365,
    1.8810110477321402,
    0.028616166585382425,
    0.06224050552386607,
    0.029402659089463306,
    0.02505566275790411,
    2.340198053393838,
    0.06330937466867334,
    0.7826247375898556,
    1141.9004431815772,
    12789.532623677347,
    0.8612608409847538,
    50.13142743413411,
    52.12209777556232,
    0.36176763714243304,
    0.26654085116308657,
    0.624512818337963,
    0.13343794397675948,
    0.040106872495175895,
    0.4401832099917301,
    0.22176466846201148,
    1.5886384359295151,
    0.043987361903348246,
    0.45657032591870056,
    0.41430055768782204,
    0.3777985114188172,
    0.10226255857842617,
    0.12708920884666766,
    0.2370067219406688,
    0.023473780190419645,
    0.48677452872198307,
    26.0756886278335,
    6.333111389130389,
    10.522305392395937,
    65.07111261901228,
    2.377628872537586,
    49.262516168705865
  ],
  "stds": [
    41.31415267798184,
    9.150793223908149,
    0.051946420182893666,
    28.97605466461789,
    0.2166324206688864,
    0.2516282351830669,
    0.010587075578658086,
    0.5997386599341835,
    0.6009693258423624,
    0.045306174193562164,
    1.8762492464430807,
    0.0038172102277600315,
    29.090329829404133,
    0.12331468188177129,
    11.88669548847685,
    0.07089730508471391,
    0.9347041014657417,
    0.1935054076584609,
    0.8364475373039271,
    3.527603494594549,
    0.03239297378866335,
    0.4124608820166825,
    3419.9505134167375,
    152201.099228124,
    0.34567486389542557,
    49.676980617396445,
    49.60056439287609,
    0.4805130519235845,
    0.44215116750293276,
    0.48424947348148456,
    0.3400481575884288,
    0.19621028144516556,
    0.49641010939131386,
    3.8705399735611916,
    5.762561381635693,
    0.2050674333971545,
    0.4981113486550056,
    0.49260190284459304,
    0.4848379039484086,
    0.30299392243998735,
    0.33307358395133496,
    0.42524734286509713,
    0.15140296908973636,
    0.4998261161790144,
    79.4118147206247,
    74.86629617998064,
    22.31219200239196,
    176.68753898159568,
    17.641097373724506,
    161.02742952281187
  ]
}